{
  "properties": {
    "connectionReferences": {
      "shared_onedriveforbusiness_1": {
        "runtimeSource": "embedded",
        "connection": {
          "connectionReferenceLogicalName": "new_sharedonedriveforbusiness_b3964"
        },
        "api": {
          "name": "shared_onedriveforbusiness"
        }
      },
      "shared_dataflows": {
        "runtimeSource": "embedded",
        "connection": {
          "connectionReferenceLogicalName": "new_shareddataflows_2b6d1"
        },
        "api": {
          "name": "shared_dataflows"
        }
      },
      "shared_commondataserviceforapps": {
        "runtimeSource": "embedded",
        "connection": {
          "connectionReferenceLogicalName": "new_sharedcommondataserviceforapps_969a9"
        },
        "api": {
          "name": "shared_commondataserviceforapps"
        }
      },
      "shared_office365_1": {
        "runtimeSource": "embedded",
        "connection": {
          "connectionReferenceLogicalName": "new_sharedoffice365_906e9"
        },
        "api": {
          "name": "shared_office365"
        }
      },
      "shared_office365": {
        "runtimeSource": "embedded",
        "connection": {
          "connectionReferenceLogicalName": "new_sharedoffice365_1e72a"
        },
        "api": {
          "name": "shared_office365"
        }
      }
    },
    "definition": {
      "$schema": "https://schema.management.azure.com/providers/Microsoft.Logic/schemas/2016-06-01/workflowdefinition.json#",
      "contentVersion": "1.0.0.0",
      "parameters": {
        "$connections": {
          "defaultValue": {},
          "type": "Object"
        },
        "$authentication": {
          "defaultValue": {},
          "type": "SecureObject"
        }
      },
      "triggers": {
        "When_a_new_email_arrives_(V3)": {
          "splitOn": "@triggerOutputs()?['body/value']",
          "metadata": {
            "operationMetadataId": "28d919ac-275d-4f39-8c47-b052b35ed657"
          },
          "type": "OpenApiConnectionNotification",
          "inputs": {
            "host": {
              "connectionName": "shared_office365_1",
              "operationId": "OnNewEmailV3",
              "apiId": "/providers/Microsoft.PowerApps/apis/shared_office365"
            },
            "parameters": {
              "folderPath": "Inbox",
              "from": "ghheskey@gmail.com",
              "includeAttachments": true,
              "subjectFilter": "Yellow Data",
              "importance": "Any",
              "fetchOnlyWithAttachment": true
            },
            "authentication": "@parameters('$authentication')"
          }
        }
      },
      "actions": {
        "Apply_to_each": {
          "foreach": "@triggerOutputs()?['body/attachments']",
          "actions": {
            "Create_file": {
              "runAfter": {},
              "metadata": {
                "operationMetadataId": "c43f9efa-042e-4479-90ee-02c9c45a33d3"
              },
              "type": "OpenApiConnection",
              "inputs": {
                "host": {
                  "connectionName": "shared_onedriveforbusiness_1",
                  "operationId": "CreateFile",
                  "apiId": "/providers/Microsoft.PowerApps/apis/shared_onedriveforbusiness"
                },
                "parameters": {
                  "folderPath": "/DE_Power_Automate",
                  "name": "Yello_Data",
                  "body": "@items('Apply_to_each')?['contentBytes']"
                },
                "authentication": "@parameters('$authentication')"
              },
              "runtimeConfiguration": {
                "contentTransfer": {
                  "transferMode": "Chunked"
                }
              }
            }
          },
          "runAfter": {},
          "metadata": {
            "operationMetadataId": "ad79ec1a-056a-4565-9572-c20db9f0d435"
          },
          "type": "Foreach"
        },
        "Refresh_a_dataflow": {
          "runAfter": {
            "Apply_to_each": [
              "Succeeded"
            ]
          },
          "metadata": {
            "operationMetadataId": "5f4e5d25-272a-4cef-9dcd-c7ee32070b49"
          },
          "type": "OpenApiConnection",
          "inputs": {
            "host": {
              "connectionName": "shared_dataflows",
              "operationId": "RefreshDataflow",
              "apiId": "/providers/Microsoft.PowerApps/apis/shared_dataflows"
            },
            "parameters": {
              "workspaceType": "Environment",
              "groupIdForRefreshDataflow": "0255fe1e-f239-e27a-92e9-6b5453ed7058-31c688f59-europe",
              "dataflowIdForRefreshDataflow": "bf977eb2-4a0e-4370-bc4a-51e6d47e9d6e"
            },
            "authentication": "@parameters('$authentication')"
          }
        },
        "Refresh_a_dataflow_2": {
          "runAfter": {
            "Apply_to_each": [
              "Succeeded"
            ]
          },
          "metadata": {
            "operationMetadataId": "f2cc3fbf-050e-4208-98e4-83da993a2bff"
          },
          "type": "OpenApiConnection",
          "inputs": {
            "host": {
              "connectionName": "shared_dataflows",
              "operationId": "RefreshDataflow",
              "apiId": "/providers/Microsoft.PowerApps/apis/shared_dataflows"
            },
            "parameters": {
              "workspaceType": "Environment",
              "groupIdForRefreshDataflow": "0255fe1e-f239-e27a-92e9-6b5453ed7058-31c688f59-europe",
              "dataflowIdForRefreshDataflow": "bf977eb2-4a0e-4370-bc4a-51e6d47e9d6e"
            },
            "authentication": "@parameters('$authentication')"
          }
        },
        "When_a_dataflow_refresh_completes": {
          "runAfter": {
            "Refresh_a_dataflow_2": [
              "Succeeded"
            ]
          },
          "metadata": {
            "operationMetadataId": "a8fabb07-f7db-42dc-b98e-599eecd5e581"
          },
          "type": "OpenApiConnection",
          "inputs": {
            "host": {
              "connectionName": "shared_dataflows",
              "operationId": "OnRefreshComplete",
              "apiId": "/providers/Microsoft.PowerApps/apis/shared_dataflows"
            },
            "parameters": {
              "workspaceType": "Environment",
              "groupIdForOnRefreshComplete": "0255fe1e-f239-e27a-92e9-6b5453ed7058-31c688f59-europe",
              "dataflowIdForOnRefreshComplete": "bf977eb2-4a0e-4370-bc4a-51e6d47e9d6e"
            },
            "authentication": "@parameters('$authentication')"
          }
        },
        "List_rows": {
          "runAfter": {
            "When_a_dataflow_refresh_completes": [
              "Succeeded"
            ]
          },
          "metadata": {
            "operationMetadataId": "7943155a-c4fc-47e5-a6bb-479a570faf3d"
          },
          "type": "OpenApiConnection",
          "inputs": {
            "host": {
              "connectionName": "shared_commondataserviceforapps",
              "operationId": "ListRecords",
              "apiId": "/providers/Microsoft.PowerApps/apis/shared_commondataserviceforapps"
            },
            "parameters": {
              "entityName": "cr3ad_profiletables"
            },
            "authentication": "@parameters('$authentication')"
          }
        },
        "Select": {
          "runAfter": {
            "List_rows": [
              "Succeeded"
            ]
          },
          "metadata": {
            "operationMetadataId": "2edee4a6-72f9-4efb-9d22-d535c3f72d7e"
          },
          "type": "Select",
          "inputs": {
            "from": "@outputs('List_rows')?['body/value']",
            "select": {
              "Null": "@item()?['cr3ad_nullcount']",
              "Status": "@item()?['statecode']"
            }
          }
        },
        "Create_HTML_table": {
          "runAfter": {
            "Select": [
              "Succeeded"
            ]
          },
          "metadata": {
            "operationMetadataId": "0620a130-50a9-42cb-bcb3-6a41d7db429f"
          },
          "type": "Table",
          "inputs": {
            "from": "@body('Select')",
            "format": "HTML"
          }
        },
        "Send_an_email_(V2)": {
          "runAfter": {
            "Create_HTML_table": [
              "Succeeded"
            ]
          },
          "metadata": {
            "operationMetadataId": "938addfb-f153-4086-87b6-bd3bdc9bb1c0"
          },
          "type": "OpenApiConnection",
          "inputs": {
            "host": {
              "connectionName": "shared_office365",
              "operationId": "SendEmailV2",
              "apiId": "/providers/Microsoft.PowerApps/apis/shared_office365"
            },
            "parameters": {
              "emailMessage/To": "rebecca.agyei@amalitech.com;emmanuel.osafo@amalitech.com",
              "emailMessage/Subject": "Lab5 Profile Data",
              "emailMessage/Body": "<p>Hi,<br>\n@{body('Create_HTML_table')}<br>\n</p>",
              "emailMessage/Importance": "Normal"
            },
            "authentication": "@parameters('$authentication')"
          }
        }
      }
    },
    "templateName": ""
  },
  "schemaVersion": "1.0.0.0"
}